ward_number,zone_number,ward_name,centroid_lat,centroid_lng,digipin_prefix,area_sq_km
1,1,Ward 1 - Locality B,13.16,80.3,4T38CT,1.5
2,1,Ward 2 - Locality C,13.163,80.297,4T38C6,1.8
3,1,Ward 3 - Locality D,13.154,80.306,4T389L,2.1
4,1,Ward 4 - Locality E,13.169,80.291,4T38C5,2.4
5,1,Ward 5 - Locality F,13.148,80.288,4T3839,1.2
6,1,Ward 6 - Locality G,13.175,80.315,4T3893,1.5
7,1,Ward 7 - Locality H,13.142,80.282,4T3833,1.8
8,1,Ward 8 - Locality I,13.181,80.279,4T38CC,2.1
9,1,Ward 9 - Locality J,13.136,80.324,4T3822,2.4
10,1,Ward 10 - Locality K,13.187,80.273,4T38CF,1.2
11,1,Ward 11 - Locality L,13.13,80.27,4T383K,1.5
12,1,Ward 12 - Locality M,13.193,80.333,4TCTPT,1.8
13,1,Ward 13 - Locality N,13.124,80.264,4T38JT,2.1
14,1,Ward 14 - Locality O,13.199,80.261,4TCTL6,2.4
15,2,Ward 15 - Locality P,13.17,80.26,4T38F2,1.2
16,2,Ward 16 - Locality Q,13.173,80.257,4T38F2,1.5
17,2,Ward 17 - Locality R,13.164,80.254,4T38F5,1.8
18,2,Ward 18 - Locality S,13.179,80.269,4T38F8,2.1
19,2,Ward 19 - Locality T,13.158,80.248,4T38FM,2.4
20,2,Ward 20 - Locality U,13.185,80.245,4T38FC,1.2
21,2,Ward 21 - Locality V,13.152,80.278,4T383F,1.5
22,3,Ward 22 - Locality W,13.148,80.231,4T3978,1.8
23,3,Ward 23 - Locality X,13.145,80.228,4T3978,2.1
24,3,Ward 24 - Locality Y,13.154,80.237,4T38FL,2.4
25,3,Ward 25 - Locality Z,13.139,80.222,4T3972,1.2
26,3,Ward 26 - Locality A,13.16,80.219,4T398P,1.5
27,3,Ward 27 - Locality B,13.133,80.246,4T38J4,1.8
28,3,Ward 28 - Locality C,13.166,80.213,4T3984,2.1
29,3,Ward 29 - Locality D,13.127,80.21,4T3974,2.4
30,3,Ward 30 - Locality E,13.172,80.255,4T38F2,1.2
31,3,Ward 31 - Locality F,13.121,80.204,4T397L,1.5
32,3,Ward 32 - Locality G,13.178,80.201,4T398J,1.8
33,3,Ward 33 - Locality H,13.115,80.264,4T38K8,2.1
34,4,Ward 34 - Locality I,13.125,80.285,4T383M,2.4
35,4,Ward 35 - Locality J,13.122,80.282,4T383M,1.2
36,4,Ward 36 - Locality K,13.131,80.291,4T3835,1.5
37,4,Ward 37 - Locality L,13.116,80.276,4T384F,1.8
38,4,Ward 38 - Locality M,13.137,80.273,4T383J,2.1
39,4,Ward 39 - Locality N,13.11,80.3,4T3848,2.4
40,4,Ward 40 - Locality O,13.143,80.267,4T38J7,1.2
41,4,Ward 41 - Locality P,13.104,80.264,4T38K7,1.5
42,4,Ward 42 - Locality Q,13.149,80.309,4T382F,1.8
43,4,Ward 43 - Locality R,13.098,80.258,4T38K5,2.1
44,4,Ward 44 - Locality S,13.155,80.255,4T38FP,2.4
45,4,Ward 45 - Locality T,13.092,80.318,4T3854,1.2
46,4,Ward 46 - Locality U,13.161,80.249,4T38FM,1.5
47,4,Ward 47 - Locality V,13.086,80.246,4T38KM,1.8
48,4,Ward 48 - Locality W,13.167,80.327,4T3895,2.1
49,5,Ward 49 - Locality X,13.109,80.294,4T3849,2.4
50,5,Ward 50 - Locality Y,13.112,80.291,4T3849,1.2
51,5,Ward 51 - Locality Z,13.103,80.3,4T3847,1.5
52,5,Ward 52 - Locality A,13.118,80.285,4T383M,1.8
53,5,Ward 53 - Locality B,13.097,80.282,4T3844,2.1
54,5,Ward 54 - Locality C,13.124,80.309,4T382L,2.4
55,5,Ward 55 - Locality D,13.091,80.276,4T384K,1.2
56,5,Ward 56 - Locality E,13.13,80.273,4T383K,1.5
57,5,Ward 57 - Locality F,13.085,80.318,4T385M,1.8
58,5,Ward 58 - Locality G,13.136,80.267,4T38J7,2.1
59,5,Ward 59 - Locality H,13.079,80.264,4T38L8,2.4
60,5,Ward 60 - Locality I,13.142,80.327,4T3822,1.2
61,5,Ward 61 - Locality J,13.073,80.258,4T38L2,1.5
62,5,Ward 62 - Locality K,13.148,80.255,4T38J9,1.8
63,5,Ward 63 - Locality L,13.067,80.336,4T38P7,2.1
64,6,Ward 64 - Locality M,13.108,80.245,4T38K3,2.4
65,6,Ward 65 - Locality N,13.105,80.242,4T38KJ,1.2
66,6,Ward 66 - Locality O,13.114,80.251,4T38KC,1.5
67,6,Ward 67 - Locality P,13.099,80.236,4T38KK,1.8
68,6,Ward 68 - Locality Q,13.12,80.233,4T397T,2.1
69,6,Ward 69 - Locality R,13.093,80.26,4T38K5,2.4
70,6,Ward 70 - Locality S,13.126,80.227,4T3976,1.2
71,6,Ward 71 - Locality T,13.087,80.224,4T396P,1.5
72,6,Ward 72 - Locality U,13.132,80.269,4T38J6,1.8
73,6,Ward 73 - Locality V,13.081,80.218,4T39T9,2.1
74,6,Ward 74 - Locality W,13.138,80.215,4T3973,2.4
75,6,Ward 75 - Locality X,13.075,80.278,4T38MF,1.2
76,6,Ward 76 - Locality Y,13.144,80.209,4T397C,1.5
77,6,Ward 77 - Locality Z,13.069,80.206,4T39TJ,1.8
78,6,Ward 78 - Locality A,13.15,80.287,4T383C,2.1
79,7,Ward 79 - Locality B,13.114,80.154,4T3949,2.4
80,7,Ward 80 - Locality C,13.117,80.151,4T3949,1.2
81,7,Ward 81 - Locality D,13.108,80.16,4T3947,1.5
82,7,Ward 82 - Locality E,13.123,80.145,4T393M,1.8
83,7,Ward 83 - Locality F,13.102,80.142,4T3943,2.1
84,7,Ward 84 - Locality G,13.129,80.169,4T392K,2.4
85,7,Ward 85 - Locality H,13.096,80.136,4T394K,1.2
86,7,Ward 86 - Locality I,13.135,80.133,4T393J,1.5
87,7,Ward 87 - Locality J,13.09,80.178,4T395M,1.8
88,7,Ward 88 - Locality K,13.141,80.127,4T39J7,2.1
89,7,Ward 89 - Locality L,13.084,80.124,4T39KT,2.4
90,7,Ward 90 - Locality M,13.147,80.187,4T3929,1.2
91,7,Ward 91 - Locality N,13.078,80.118,4T39L9,1.5
92,7,Ward 92 - Locality O,13.153,80.115,4T39FP,1.8
93,7,Ward 93 - Locality P,13.072,80.196,4T39P7,2.1
94,8,Ward 94 - Locality Q,13.085,80.21,4T396M,2.4
95,8,Ward 95 - Locality R,13.082,80.207,4T39TF,1.2
96,8,Ward 96 - Locality S,13.091,80.216,4T3964,1.5
97,8,Ward 97 - Locality T,13.076,80.201,4T39TF,1.8
98,8,Ward 98 - Locality U,13.097,80.198,4T3956,2.1
99,8,Ward 99 - Locality V,13.07,80.225,4T39T2,2.4
100,8,Ward 100 - Locality W,13.103,80.192,4T3957,1.2
101,8,Ward 101 - Locality X,13.064,80.189,4T39P5,1.5
102,8,Ward 102 - Locality Y,13.109,80.234,4T3968,1.8
103,8,Ward 103 - Locality Z,13.058,80.183,4T39P5,2.1
104,8,Ward 104 - Locality A,13.115,80.18,4T395C,2.4
105,8,Ward 105 - Locality B,13.052,80.243,4T38LL,1.2
106,8,Ward 106 - Locality C,13.121,80.174,4T392M,1.5
107,8,Ward 107 - Locality D,13.046,80.171,4T329F,1.8
108,8,Ward 108 - Locality E,13.127,80.252,4T38J5,2.1
109,9,Ward 109 - Locality F,13.04,80.25,4T37FC,2.4
110,9,Ward 110 - Locality G,13.043,80.247,4T37FC,1.2
111,9,Ward 111 - Locality H,13.034,80.256,4T37F2,1.5
112,9,Ward 112 - Locality I,13.049,80.241,4T38LL,1.8
113,9,Ward 113 - Locality J,13.028,80.238,4T37FK,2.1
114,9,Ward 114 - Locality K,13.055,80.265,4T38LT,2.4
115,9,Ward 115 - Locality L,13.022,80.232,4T3286,1.2
116,9,Ward 116 - Locality M,13.061,80.229,4T39T6,1.5
117,9,Ward 117 - Locality N,13.016,80.274,4T37CL,1.8
118,9,Ward 118 - Locality O,13.067,80.223,4T39T2,2.1
119,9,Ward 119 - Locality P,13.01,80.22,4T3279,2.4
120,9,Ward 120 - Locality Q,13.073,80.283,4T38M3,1.2
121,9,Ward 121 - Locality R,13.004,80.214,4T327C,1.5
122,9,Ward 122 - Locality S,13.079,80.211,4T39TC,1.8
123,9,Ward 123 - Locality T,12.998,80.292,4T3732,2.1
124,9,Ward 124 - Locality U,13.085,80.205,4T396L,2.4
125,9,Ward 125 - Locality V,12.992,80.202,4T327K,1.2
126,9,Ward 126 - Locality W,13.091,80.301,4T3846,1.5
127,10,Ward 127 - Locality X,13.052,80.225,4T39TP,1.8
128,10,Ward 128 - Locality Y,13.055,80.222,4T39TP,2.1
129,10,Ward 129 - Locality Z,13.046,80.231,4T3288,2.4
130,10,Ward 130 - Locality A,13.061,80.216,4T39T4,1.2
131,10,Ward 131 - Locality B,13.04,80.213,4T328C,1.5
132,10,Ward 132 - Locality C,13.067,80.24,4T38LJ,1.8
133,10,Ward 133 - Locality D,13.034,80.207,4T328J,2.1
134,10,Ward 134 - Locality E,13.073,80.204,4T39TJ,2.4
135,10,Ward 135 - Locality F,13.028,80.249,4T37F4,1.2
136,10,Ward 136 - Locality G,13.079,80.198,4T39P8,1.5
137,10,Ward 137 - Locality H,13.022,80.195,4T3296,1.8
138,10,Ward 138 - Locality I,13.085,80.258,4T38KP,2.1
139,10,Ward 139 - Locality J,13.016,80.189,4T329P,2.4
140,10,Ward 140 - Locality K,13.091,80.186,4T3955,1.2
141,10,Ward 141 - Locality L,13.01,80.267,4T37J8,1.5
142,10,Ward 142 - Locality M,13.097,80.18,4T3954,1.8
143,11,Ward 143 - Locality N,13.04,80.17,4T329F,2.1
144,11,Ward 144 - Locality O,13.043,80.173,4T329C,2.4
145,11,Ward 145 - Locality P,13.034,80.164,4T32C7,1.2
146,11,Ward 146 - Locality Q,13.049,80.161,4T39MT,1.5
147,11,Ward 147 - Locality R,13.028,80.182,4T3295,1.8
148,11,Ward 148 - Locality S,13.055,80.155,4T39MP,2.1
149,11,Ward 149 - Locality T,13.022,80.152,4T32C5,2.4
150,11,Ward 150 - Locality U,13.061,80.191,4T39P6,1.2
151,11,Ward 151 - Locality V,13.016,80.146,4T32CM,1.5
152,11,Ward 152 - Locality W,13.067,80.143,4T39M3,1.8
153,11,Ward 153 - Locality X,13.01,80.2,4T327F,2.1
154,11,Ward 154 - Locality Y,13.073,80.137,4T39MJ,2.4
155,11,Ward 155 - Locality Z,13.004,80.134,4T323F,1.2
156,12,Ward 156 - Locality A,13.003,80.2,4T327F,1.5
157,12,Ward 157 - Locality B,13.0,80.197,4T3227,1.8
158,12,Ward 158 - Locality C,13.009,80.194,4T3228,2.1
159,12,Ward 159 - Locality D,12.994,80.209,4T3274,2.4
160,12,Ward 160 - Locality E,13.015,80.188,4T329P,1.2
161,12,Ward 161 - Locality F,12.988,80.185,4T3225,1.5
162,12,Ward 162 - Locality G,13.021,80.218,4T3285,1.8
163,12,Ward 163 - Locality H,12.982,80.179,4T322M,2.1
164,12,Ward 164 - Locality I,13.027,80.176,4T3294,2.4
165,12,Ward 165 - Locality J,12.976,80.227,4T3268,1.2
166,12,Ward 166 - Locality K,13.033,80.17,4T329J,1.5
167,12,Ward 167 - Locality L,12.97,80.167,4T325F,1.8
168,13,Ward 168 - Locality M,13.006,80.257,4T37J9,2.1
169,13,Ward 169 - Locality N,13.003,80.254,4T37J9,2.4
170,13,Ward 170 - Locality O,13.012,80.251,4T37FM,1.2
171,13,Ward 171 - Locality P,12.997,80.266,4T37J7,1.5
172,13,Ward 172 - Locality Q,13.018,80.245,4T37FM,1.8
173,13,Ward 173 - Locality R,12.991,80.242,4T37JK,2.1
174,13,Ward 174 - Locality S,13.024,80.275,4T37CK,2.4
175,13,Ward 175 - Locality T,12.985,80.236,4T37JL,1.2
176,13,Ward 176 - Locality U,13.03,80.233,4T3287,1.5
177,13,Ward 177 - Locality V,12.979,80.284,4T373M,1.8
178,13,Ward 178 - Locality W,13.036,80.227,4T3287,2.1
179,13,Ward 179 - Locality X,12.973,80.224,4T3269,2.4
180,13,Ward 180 - Locality Y,13.042,80.293,4T37C9,1.2
181,14,Ward 181 - Locality Z,12.965,80.24,4T37KJ,1.5
182,14,Ward 182 - Locality A,12.968,80.237,4T37KF,1.8
183,14,Ward 183 - Locality B,12.959,80.246,4T37K3,2.1
184,14,Ward 184 - Locality C,12.974,80.231,4T3268,2.4
185,14,Ward 185 - Locality D,12.953,80.228,4T3266,1.2
186,14,Ward 186 - Locality E,12.98,80.255,4T37JP,1.5
187,14,Ward 187 - Locality F,12.947,80.222,4T326P,1.8
188,14,Ward 188 - Locality G,12.986,80.219,4T3275,2.1
189,14,Ward 189 - Locality H,12.941,80.264,4T37L8,2.4
190,14,Ward 190 - Locality I,12.992,80.213,4T3274,1.2
191,14,Ward 191 - Locality J,12.935,80.21,4T32TC,1.5
192,15,Ward 192 - Locality K,12.899,80.227,4T3588,1.8
193,15,Ward 193 - Locality L,12.896,80.224,4T3582,2.1
194,15,Ward 194 - Locality M,12.905,80.221,4T3589,2.4
195,15,Ward 195 - Locality N,12.89,80.236,4T36FJ,1.2
196,15,Ward 196 - Locality O,12.911,80.215,4T32TM,1.5
197,15,Ward 197 - Locality P,12.884,80.212,4T3584,1.8
198,15,Ward 198 - Locality Q,12.917,80.245,4T37L4,2.1
199,15,Ward 199 - Locality R,12.878,80.206,4T358L,2.4
200,15,Ward 200 - Locality S,12.923,80.203,4T32TK,1.2
